{
  "project_info": {
    "project_number": "24303410164",
    "firebase_url": "https://turbine-notification.firebaseio.com",
    "project_id": "turbine-notification",
    "storage_bucket": "turbine-notification.appspot.com"
  },
  "client": [
    {
      "client_info": {
        "mobilesdk_app_id": "1:24303410164:android:52653e4fc14a27b7a7f7a1",
        "android_client_info": {
          "package_name": "com.example.turbinenotification"
        }
      },
      "oauth_client": [
        {
          "client_id": "24303410164-nogcr9vfmd0ne6pvkov03rgkmpn57dma.apps.googleusercontent.com",
          "client_type": 1,
          "android_info": {
            "package_name": "com.example.turbinenotification",
            "certificate_hash": "ff18e39954386b63c34e3eedb02d401a9d6b8191"
          }
        },
        {
          "client_id": "24303410164-kc3nvrvjvthdkq1idbhm5rd7ubneqge0.apps.googleusercontent.com",
          "client_type": 3
        }
      ],
      "api_key": [
        {
          "current_key": "AIzaSyDHyvxnvOH2JJJo6WiAWo7SroCcmlS0PD0"
        }
      ],
      "services": {
        "appinvite_service": {
          "other_platform_oauth_client": [
            {
              "client_id": "24303410164-kc3nvrvjvthdkq1idbhm5rd7ubneqge0.apps.googleusercontent.com",
              "client_type": 3
            }
          ]
        }
      }
    }
  ],
  "configuration_version": "1"
}